[
  {
    "name": "mqttserver",
    "type": "ACInput",
    "value": "data.pvos.org/co2/data",
    "placeholder": "MQTT broker server",
    "label": "Data Server"
  },
  {
    "name": "channelid",
    "type": "ACInput",
    "value": "454951",
    "label": "Channel ID"
  },
  {
    "name": "userkey",
    "type": "ACInput",
    "value": "3897755c6379d00bbb1d622827b1ffd1ba6a0579802044c9",
    "label": "User Key"
  },
  {
    "name": "apikey",
    "type": "ACInput",
    "value": "13adcd2e8704165a62aea86bee0a3abe2fd3be4d62427a35",
    "label": "API Key"
  },
  {
    "name": "period",
    "type": "ACInput",
    "label": "Update period",
    "value": "5  min."
  }
]
