{
  "title": "Bayou-CO2 Settings",
  "uri": "/mqtt_setting",
  "menu": true,
  "element": [
    {
      "name": "style",
      "type": "ACStyle",
      "value": "label+input,label+select{position:sticky;left:120px;width:230px!important;box-sizing:border-box;}"
    },
    {
      "name": "header",
      "type": "ACText",
      "value": "<h2>Bayou-CO2 Settings</h2>",
      "style": "text-align:center;color:#2f4f4f;"
    },
    {
      "name": "caption",
      "type": "ACText",
      "value": "Match credentials below to the feed you created at data.pvos.org/co2/ <br>",
      "style": "font-family:serif;color:#4682b4;"
    },
    {
      "name": "mqttserver",
      "type": "ACInput",
      "value": "",
      "placeholder": "Bayou-CO2 server",
      "label": "Server"
    },
    {
      "name": "channelid",
      "type": "ACInput",
      "value": "",
      "label": "Channel ID (N/A)"
    },
    {
      "name": "userkey",
      "type": "ACInput",
      "value": "NRTFYGJ6TJFGX4RC",
      "label": "Feed Public Key"
    },
    {
      "name": "apikey",
      "type": "ACInput",
      "value": "",
      "label": "Feed Private Key"
    },
    {
      "name": "period",
      "type": "ACRadio",
      "label": "Update period",
      "value": [
        "1  min.",
        "5  min.",
        "15  min.",
        "30  min.",
        "60  min."
      ],
      "arrange": "vertical",
      "checked": 2
    },
    {
      "name": "newline",
      "type": "ACElement",
      "value": "<hr>"
    },
    {
      "name": "uniqueid",
      "type": "ACCheckbox",
      "value": "unique",
      "label": "Use unique APID",
      "checked": true
    },
    {
      "name": "hostname",
      "type": "ACInput",
      "label": "ESP host name",
      "value": "pvos_CO2_AP"
    },
    {
      "name": "save",
      "type": "ACSubmit",
      "value": "Save&Start",
      "uri": "/mqtt_save"
    },
    {
      "name": "discard",
      "type": "ACSubmit",
      "value": "Discard",
      "uri": "/"
    }
  ]
}
